acceleration,center_fraction,step_size,iterations,gamma,base_psnr,psnr,delta_psnr,base_ssim,ssim,delta_ssim
4,0.04,0.35,25,0.5,21.79658019852417,22.09444160638695,0.2978614078627828,0.5308433748115645,0.5341268732468758,0.003283498435311283
4,0.04,0.65,12,1.0,21.79658019852417,22.090491752655545,0.2939115541313768,0.5308433748115645,0.5357186180888456,0.0048752432772810605
4,0.04,0.5,25,0.75,21.79658019852417,22.09042137584024,0.2938411773160716,0.5308433748115645,0.5354129907651279,0.004569615953563422
4,0.04,0.65,15,1.0,21.79658019852417,22.09003291180011,0.29345271327594347,0.5308433748115645,0.5358547408181348,0.005011366006570261
4,0.04,0.5,12,1.0,21.79658019852417,22.089707946721305,0.2931277481971364,0.5308433748115645,0.5368897801209149,0.006046405309350411
4,0.04,0.5,15,0.75,21.79658019852417,22.089549855129672,0.29296965660550356,0.5308433748115645,0.5354355853483921,0.004592210536827568
4,0.04,0.5,15,1.0,21.79658019852417,22.088503089222087,0.29192289069791855,0.5308433748115645,0.5369795762906473,0.006136201479082781
4,0.04,0.65,20,0.75,21.79658019852417,22.088277015699603,0.29169681717543483,0.5308433748115645,0.5322901377613619,0.0014467629497973977
4,0.04,0.35,15,0.75,21.79658019852417,22.087346798520286,0.2907665999961182,0.5308433748115645,0.536826124264661,0.005982749453096514
4,0.04,0.35,20,0.75,21.79658019852417,22.087067137129836,0.29048693860566743,0.5308433748115645,0.5369449671897899,0.0061015923782253845
4,0.04,0.65,10,1.0,21.79658019852417,22.0868466969091,0.29026649838493057,0.5308433748115645,0.5354916348707613,0.004648260059196829
4,0.04,0.65,15,0.75,21.79658019852417,22.08679812353957,0.29021792501540133,0.5308433748115645,0.5321677573661744,0.0013243825546098709
4,0.04,0.5,25,0.5,21.79658019852417,22.086598465992203,0.29001826746803516,0.5308433748115645,0.5295741954603815,-0.0012691793511829808
4,0.04,0.5,10,1.0,21.79658019852417,22.085904535095963,0.289324336571795,0.5308433748115645,0.5366740447586732,0.00583066994710868
4,0.04,0.5,20,0.75,21.79658019852417,22.084255352851173,0.28767515432700463,0.5308433748115645,0.5339220080634368,0.003078633251872298
4,0.04,0.65,25,0.75,21.79658019852417,22.083655729230742,0.28707553070657355,0.5308433748115645,0.532176515565562,0.001333140753997486
4,0.04,0.5,12,0.75,21.79658019852417,22.08334132419975,0.2867611256755822,0.5308433748115645,0.535133194785125,0.0042898199735604825
4,0.04,0.5,20,0.5,21.79658019852417,22.08196515886811,0.28538496034394,0.5308433748115645,0.5294684885906479,-0.001374886220916638
4,0.04,0.65,20,1.0,21.79658019852417,22.081179622685333,0.2845994241611649,0.5308433748115645,0.5357225861199675,0.004879211308402964
4,0.04,0.65,12,0.75,21.79658019852417,22.080294088116123,0.2837138895919544,0.5308433748115645,0.5319479753621783,0.001104600550613788
4,0.04,0.35,12,0.75,21.79658019852417,22.07977605293656,0.2831958544123907,0.5308433748115645,0.5365143556330138,0.005670980821449234
4,0.04,0.65,25,0.5,21.79658019852417,22.079530579064347,0.2829503805401785,0.5308433748115645,0.5229972187869031,-0.007846156024661433
4,0.04,0.35,25,0.75,21.79658019852417,22.0795059936858,0.2829257951616313,0.5308433748115645,0.5367995599978155,0.005956185186250962
4,0.04,0.5,20,1.0,21.79658019852417,22.078035386258442,0.2814551877342737,0.5308433748115645,0.5367963357544124,0.005952960942847918
4,0.04,0.35,15,1.0,21.79658019852417,22.077968534839435,0.28138833631526694,0.5308433748115645,0.5353362043128846,0.004492829501320128
4,0.04,0.65,8,1.0,21.79658019852417,22.077920577715176,0.28134037919100763,0.5308433748115645,0.5351322107559421,0.004288835944377567
4,0.04,0.35,12,1.0,21.79658019852417,22.077703154122798,0.28112295559862943,0.5308433748115645,0.5353312802590872,0.004487905447522644
4,0.04,0.5,8,1.0,21.79658019852417,22.075618654765275,0.279038456241107,0.5308433748115645,0.5362696042242524,0.0054262294126878885
4,0.04,0.65,20,0.5,21.79658019852417,22.075088807013437,0.2785086084892683,0.5308433748115645,0.5230773494585057,-0.007766025353058814
4,0.04,0.5,10,0.75,21.79658019852417,22.074440116017602,0.27785991749343353,0.5308433748115645,0.5348453836381151,0.004002008826550552
4,0.04,0.65,10,0.75,21.79658019852417,22.071997941132267,0.2754177426080986,0.5308433748115645,0.5317442607401294,0.0009008859285648541
4,0.04,0.35,10,1.0,21.79658019852417,22.07193239061648,0.27535219209231343,0.5308433748115645,0.5351814887953575,0.004338113983793024
4,0.04,0.5,15,0.5,21.79658019852417,22.07012229196687,0.2735420934427033,0.5308433748115645,0.5293191733138788,-0.0015242014976857288
4,0.04,0.65,25,1.0,21.79658019852417,22.069330439053143,0.2727502405289748,0.5308433748115645,0.5353899188366444,0.004546544025079924
4,0.04,0.35,10,0.75,21.79658019852417,22.068921073140917,0.2723408746167486,0.5308433748115645,0.5361536787672276,0.00531030395566312
4,0.04,0.35,20,1.0,21.79658019852417,22.066857718550835,0.27027752002666716,0.5308433748115645,0.5350090183525923,0.004165643541027775
4,0.04,0.35,20,0.5,21.79658019852417,22.066631669502716,0.2700514709785473,0.5308433748115645,0.5313452441052282,0.0005018692936636926
4,0.04,0.5,25,1.0,21.79658019852417,22.06410637619009,0.26752617766592124,0.5308433748115645,0.5364449702393733,0.005601595427808803
4,0.04,0.65,15,0.5,21.79658019852417,22.063547366570184,0.2669671680460155,0.5308433748115645,0.5232223721701202,-0.007621002641444274
4,0.04,0.5,8,0.75,21.79658019852417,22.059762418133747,0.263182219609579,0.5308433748115645,0.5344731496968291,0.003629774885264614
4,0.04,0.35,12,0.5,21.79658019852417,22.059683406361565,0.26310320783739627,0.5308433748115645,0.534104991930633,0.0032616171190684717
4,0.04,0.65,8,0.75,21.79658019852417,22.058769753596195,0.2621895550720268,0.5308433748115645,0.5315515182090486,0.0007081433974840401
4,0.04,0.35,8,1.0,21.79658019852417,22.058533891112372,0.2619536925882038,0.5308433748115645,0.5348557754712197,0.004012400659655135
4,0.04,0.5,12,0.5,21.79658019852417,22.05734037581085,0.26076017728668077,0.5308433748115645,0.529263074871122,-0.0015802999404425089
4,0.04,0.35,25,0.25,21.79658019852417,22.05175456881357,0.25517437028940293,0.5308433748115645,0.5214099347873038,-0.00943344002426072
4,0.04,0.65,12,0.5,21.79658019852417,22.051411975507374,0.254831776983206,0.5308433748115645,0.5235025150152751,-0.007340859796289401
4,0.04,0.35,8,0.75,21.79658019852417,22.05090290284851,0.25432270432434123,0.5308433748115645,0.5356441108001035,0.004800735988539029
4,0.03,0.35,15,1.0,21.440070275894318,21.69383422640351,0.2537639505091924,0.519274867184226,0.5190238892257423,-0.0002509779584837224
4,0.04,0.35,25,1.0,21.79658019852417,22.049905432754528,0.2533252342303598,0.5308433748115645,0.5345374550290474,0.0036940802174828535
4,0.03,0.35,20,1.0,21.440070275894318,21.692075755482314,0.25200547958799646,0.519274867184226,0.5190278620894871,-0.00024700509473885024
4,0.03,0.35,12,1.0,21.440070275894318,21.69020472974893,0.2501344538546135,0.519274867184226,0.518824450271646,-0.0004504169125799651
4,0.04,0.35,10,0.5,21.79658019852417,22.045116728426216,0.24853652990204722,0.5308433748115645,0.5338650079712652,0.0030216331597007207
4,0.04,0.5,10,0.5,21.79658019852417,22.04504120747126,0.24846100894709267,0.5308433748115645,0.5293409689468608,-0.0015024058647037375
4,0.04,0.65,5,1.0,21.79658019852417,22.04458454289525,0.24800434437108265,0.5308433748115645,0.5342673759581905,0.003424001146625999
4,0.03,0.35,25,1.0,21.440070275894318,21.68704572891519,0.2469754530208732,0.519274867184226,0.5188673388804548,-0.00040752830377122073
4,0.03,0.35,20,0.75,21.440070275894318,21.685556184603403,0.24548590870908527,0.519274867184226,0.5209675021933502,0.0016926350091241993
4,0.03,0.35,10,1.0,21.440070275894318,21.683832197903108,0.24376192200879032,0.519274867184226,0.5185635363026203,-0.0007113308816056874
4,0.04,0.65,10,0.5,21.79658019852417,22.040098926900594,0.24351872837642574,0.5308433748115645,0.5238855481528811,-0.006957826658683386
4,0.03,0.35,25,0.75,21.440070275894318,21.68212468429418,0.2420544083998628,0.519274867184226,0.5209471990662278,0.0016723318820017763
4,0.04,0.35,20,0.25,21.79658019852417,22.038583073554534,0.24200287503036577,0.5308433748115645,0.5220218854185926,-0.008821489392971893
4,0.04,0.5,5,1.0,21.79658019852417,22.036980842103194,0.2404006435790258,0.5308433748115645,0.5351546042337935,0.004311229422228946
4,0.03,0.35,15,0.75,21.440070275894318,21.679293323838266,0.23922304794394833,0.519274867184226,0.5205672529342881,0.001292385750062075
4,0.04,0.35,15,0.5,21.79658019852417,22.035148631938988,0.23856843341481948,0.5308433748115645,0.5308739048660974,3.05300545329068e-05
4,0.04,0.5,25,0.25,21.79658019852417,22.033615480847107,0.2370352823229389,0.5308433748115645,0.5095578496232582,-0.021285525188306287
4,0.03,0.5,15,1.0,21.440070275894318,21.674560564071808,0.23449028817748996,0.519274867184226,0.5207424566294179,0.0014675894451918747
4,0.03,0.5,12,1.0,21.440070275894318,21.673612254803864,0.2335419789095461,0.519274867184226,0.5205255712113255,0.0012507040270994807
4,0.06,0.65,25,0.75,22.0393686949307,22.271596423301734,0.23222772837103278,0.5455421775367602,0.5461328512888632,0.000590673752103088
4,0.03,0.35,8,1.0,21.440070275894318,21.67214305456484,0.23207277867052412,0.519274867184226,0.5182054402722798,-0.0010694269119462252
4,0.04,0.5,8,0.5,21.79658019852417,22.02813743433289,0.23155723580872234,0.5308433748115645,0.52956917477572,-0.0012742000358445527
4,0.03,0.5,10,1.0,21.440070275894318,21.669689393145358,0.22961911725104045,0.519274867184226,0.5202234585767085,0.0009485913924824896
4,0.04,0.65,8,0.5,21.79658019852417,22.0248620960692,0.22828189754503114,0.5308433748115645,0.5245503498640072,-0.006293024947557346
4,0.04,0.35,8,0.5,21.79658019852417,22.02464372203955,0.22806352351538095,0.5308433748115645,0.5336111490574803,0.0027677742459157884
4,0.04,0.5,20,0.25,21.79658019852417,22.023995934011612,0.22741573548744398,0.5308433748115645,0.5108989734904865,-0.019944401321077998
4,0.06,0.65,20,0.75,22.0393686949307,22.265958947685164,0.22659025275446254,0.5455421775367602,0.5458309104812675,0.00028873294450737497
4,0.04,0.65,5,0.75,21.79658019852417,22.021697565893493,0.2251173673693252,0.5308433748115645,0.5314219940204473,0.0005786192088828024
4,0.06,0.65,25,1.0,22.0393686949307,22.263978454857686,0.2246097599269845,0.5455421775367602,0.5494276322901663,0.003885454753406181
4,0.06,0.65,20,1.0,22.0393686949307,22.262430065801247,0.22306137087054623,0.5455421775367602,0.549315166275264,0.0037729887385038463
4,0.04,0.35,15,0.25,21.79658019852417,22.01960989423865,0.22302969571448017,0.5308433748115645,0.5231976009936661,-0.007645773817898438
4,0.06,0.5,25,0.75,22.0393686949307,22.262340036162346,0.22297134123164497,0.5455421775367602,0.549074722372198,0.0035325448354378564
4,0.06,0.65,25,0.5,22.0393686949307,22.26217624820695,0.22280755327624746,0.5455421775367602,0.5365742291273777,-0.00896794840938242
4,0.06,0.5,25,0.5,22.0393686949307,22.261720097655147,0.22235140272444553,0.5455421775367602,0.5430088740805766,-0.002533303456183522
4,0.03,0.5,8,1.0,21.440070275894318,21.66092464259437,0.22085436670005265,0.519274867184226,0.5197319223461749,0.00045705516194893825
4,0.04,0.5,5,0.75,21.79658019852417,22.017421428328376,0.22084122980420773,0.5308433748115645,0.5337523836004342,0.0029090087888696825
4,0.04,0.35,5,1.0,21.79658019852417,22.01660972638862,0.22002952786445107,0.5308433748115645,0.5340859097591617,0.0032425349475971865
4,0.06,0.5,20,0.75,22.0393686949307,22.25620132959491,0.21683263466420755,0.5455421775367602,0.5487181738464899,0.003175996309729756
4,0.06,0.65,15,1.0,22.0393686949307,22.25533022499111,0.21596153006040808,0.5455421775367602,0.548895250701345,0.0033530731645848855
4,0.03,0.65,10,1.0,21.440070275894318,21.65498540195379,0.2149151260594735,0.519274867184226,0.5198502949338442,0.0005754277496181626
4,0.06,0.65,15,0.75,22.0393686949307,22.25373542870138,0.21436673377067805,0.5455421775367602,0.5452852343544548,-0.0002569431823054025
4,0.03,0.5,12,0.75,21.440070275894318,21.6543612913149,0.2142910154205815,0.519274867184226,0.5196949988480029,0.00042013166377685707
4,0.03,0.5,15,0.75,21.440070275894318,21.653362278788176,0.21329200289385852,0.519274867184226,0.5197997948199815,0.0005249276357555122
4,0.04,0.5,15,0.25,21.79658019852417,22.00942522917833,0.2128450306541616,0.5308433748115645,0.5131252268388866,-0.0177181479726779
4,0.06,0.65,20,0.5,22.0393686949307,22.251955307832123,0.212586612901422,0.5455421775367602,0.5359022517545746,-0.009639925782185532
4,0.03,0.35,20,0.5,21.440070275894318,21.651554803458097,0.21148452756377978,0.519274867184226,0.5194792199535506,0.00020435276932462276
4,0.03,0.65,12,1.0,21.440070275894318,21.650937773282017,0.2108674973876994,0.519274867184226,0.5193907746588617,0.0001159074746357458
4,0.06,0.5,20,0.5,22.0393686949307,22.250172143590387,0.2108034486596857,0.5455421775367602,0.5426067068600304,-0.0029354706767297234
4,0.03,0.35,25,0.5,21.440070275894318,21.65078431032,0.21071403442568126,0.519274867184226,0.5195579250700985,0.00028305788587246195
4,0.06,0.35,25,0.5,22.0393686949307,22.25006162342117,0.21069292849047017,0.5455421775367602,0.5479476392730508,0.002405461736290637
4,0.04,0.65,25,0.25,21.79658019852417,22.006173587464914,0.2095933889407462,0.5308433748115645,0.49834512116478424,-0.03249825364678027
4,0.03,0.35,12,0.75,21.440070275894318,21.64964043891173,0.20957016301741405,0.519274867184226,0.5193915978802304,0.00011673069600437458
4,0.03,0.65,8,1.0,21.440070275894318,21.649049270656143,0.20897899476182502,0.519274867184226,0.5194387083566153,0.00016384117238932294
4,0.03,0.5,20,1.0,21.440070275894318,21.648255874348237,0.2081855984539196,0.519274867184226,0.5187528367674108,-0.0005220304168152001
4,0.04,0.35,5,0.75,21.79658019852417,22.004037751744402,0.20745755322023385,0.5308433748115645,0.5346391555767364,0.003795780765171841
4,0.04,0.35,12,0.25,21.79658019852417,22.003742357260116,0.20716215873594734,0.5308433748115645,0.5243531349269797,-0.0064902398845848586
4,0.06,0.65,12,1.0,22.0393686949307,22.24548408798347,0.2061153930527695,0.5455421775367602,0.5484025495726148,0.0028603720358546525
4,0.03,0.5,10,0.75,21.440070275894318,21.645903108958837,0.2058328330645196,0.519274867184226,0.5192176980773033,-5.716910692266097e-05
4,0.03,0.35,8,0.75,21.440070275894318,21.645807245739977,0.2057369698456597,0.519274867184226,0.5189431177934377,-0.0003317493907882829
4,0.04,0.65,20,0.25,21.79658019852417,22.002231709869584,0.20565151134541537,0.5308433748115645,0.500353831723856,-0.03048954308770857
4,0.06,0.5,25,1.0,22.0393686949307,22.245003960644883,0.20563526571418222,0.5455421775367602,0.5496824983799139,0.004140320843153744
4,0.03,0.35,15,0.5,21.440070275894318,21.644360003294636,0.2042897274003188,0.519274867184226,0.5190160844549883,-0.0002587827292377387
4,0.06,0.5,20,1.0,22.0393686949307,22.243381008537433,0.20401231360673222,0.5455421775367602,0.5495646197922177,0.004022442255457559
4,0.06,0.5,15,0.75,22.0393686949307,22.24258684243654,0.2032181475058401,0.5455421775367602,0.5480549182265408,0.0025127406897806903
4,0.06,0.35,25,0.75,22.0393686949307,22.241912120976387,0.2025434260456862,0.5455421775367602,0.5493668996206693,0.00382472208390916
4,0.06,0.65,12,0.75,22.0393686949307,22.240344386629857,0.2009756916991563,0.5455421775367602,0.5448345460265708,-0.0007076315101893771
4,0.04,0.5,12,0.25,21.79658019852417,21.99699402295419,0.2004138244300222,0.5308433748115645,0.5151913541532099,-0.015652020658354582
4,0.03,0.65,12,0.75,21.440070275894318,21.638630464266804,0.19856018837248612,0.519274867184226,0.5174513934457211,-0.0018234737385048883
4,0.03,0.65,10,0.75,21.440070275894318,21.638290926409915,0.1982206505155979,0.519274867184226,0.5173920315801757,-0.001882835604050337
4,0.06,0.35,20,0.5,22.0393686949307,22.236986949307727,0.1976182543770264,0.5455421775367602,0.5473691929895764,0.0018270154528162719
4,0.04,0.65,15,0.25,21.79658019852417,21.9939768301724,0.19739663164823185,0.5308433748115645,0.5035420203539469,-0.02730135445761761
4,0.06,0.5,15,1.0,22.0393686949307,22.23622380402623,0.19685510909553017,0.5455421775367602,0.5491491566475807,0.0036069791108205296
4,0.03,0.35,5,1.0,21.440070275894318,21.636915714803475,0.19684543890915762,0.519274867184226,0.5177217855682906,-0.00155308161593537
4,0.06,0.35,20,0.75,22.0393686949307,22.23583009590062,0.1964614009699197,0.5455421775367602,0.5489123242236306,0.003370146686870412
4,0.06,0.65,10,1.0,22.0393686949307,22.234580289889937,0.19521159495923612,0.5455421775367602,0.5479249948312234,0.002382817294463213
4,0.03,0.5,8,0.75,21.440070275894318,21.634791873918452,0.19472159802413458,0.519274867184226,0.5187075082087931,-0.0005673589754329189
4,0.06,0.65,15,0.5,22.0393686949307,22.234036098464635,0.1946674035339342,0.5455421775367602,0.5345633092065478,-0.010978868330212332
4,0.03,0.35,12,0.5,21.440070275894318,21.633876214571576,0.19380593867725793,0.519274867184226,0.5185545410658594,-0.0007203261183665877
4,0.04,0.35,10,0.25,21.79658019852417,21.98999409265476,0.19341389413059318,0.5308433748115645,0.5253772526485466,-0.005466122163017895
4,0.04,0.65,5,0.5,21.79658019852417,21.9886071117486,0.19202691322443144,0.5308433748115645,0.5264513487538636,-0.0043920260577009484
4,0.06,0.5,15,0.5,22.0393686949307,22.231086533176754,0.1917178382460527,0.5455421775367602,0.5422061117313854,-0.0033360658053747105
4,0.03,0.65,8,0.75,21.440070275894318,21.63028993429682,0.19021965840250132,0.519274867184226,0.5169273787661844,-0.0023474884180415545
4,0.03,0.5,5,1.0,21.440070275894318,21.63006261146561,0.18999233557129358,0.519274867184226,0.518534827630969,-0.0007400395532569659
4,0.04,0.5,10,0.25,21.79658019852417,21.986237318158544,0.1896571196343757,0.5308433748115645,0.5170124571658138,-0.013830917645750729
4,0.04,0.5,5,0.5,21.79658019852417,21.986017243752734,0.18943704522856564,0.5308433748115645,0.5302954280987452,-0.0005479467128193249
4,0.04,0.65,12,0.25,21.79658019852417,21.985660949598284,0.18908075107411548,0.5308433748115645,0.5063866285850289,-0.024456746226535597
4,0.06,0.5,12,0.75,22.0393686949307,22.22767280170606,0.1883041067753588,0.5455421775367602,0.5474576369918627,0.0019154594551025195
4,0.03,0.5,15,0.5,21.440070275894318,21.62772374037352,0.18765346447920095,0.519274867184226,0.5156377516096339,-0.00363711557459212
4,0.06,0.65,10,0.75,22.0393686949307,22.226959633108866,0.18759093817816463,0.5455421775367602,0.5445016854490414,-0.0010404920877187251
4,0.06,0.5,12,1.0,22.0393686949307,22.226192481120208,0.1868237861895068,0.5455421775367602,0.5486361119944385,0.00309393445767836
4,0.06,0.35,25,0.25,22.0393686949307,22.222426007641687,0.1830573127109858,0.5455421775367602,0.5346482772258957,-0.010893900310864457
4,0.03,0.65,5,1.0,21.440070275894318,21.62293966953647,0.1828693936421537,0.519274867184226,0.5182661161165926,-0.0010087510676334288
4,0.03,0.35,10,0.5,21.440070275894318,21.622606053972394,0.1825357780780763,0.519274867184226,0.5181580031134685,-0.0011168640707575062
4,0.03,0.5,12,0.5,21.440070275894318,21.621920243530628,0.18184996763631034,0.519274867184226,0.5155817377713119,-0.003693129412914109
4,0.04,0.65,10,0.25,21.79658019852417,21.977907383635944,0.18132718511177615,0.5308433748115645,0.5088645772544165,-0.021978797557148044
4,0.04,0.35,5,0.5,21.79658019852417,21.977819393491743,0.18123919496757424,0.5308433748115645,0.5332624933038939,0.002419118492329342
4,0.03,0.5,20,0.5,21.440070275894318,21.620911102912693,0.18084082701837545,0.519274867184226,0.5144244430738155,-0.004850424110410478
4,0.06,0.65,8,1.0,22.0393686949307,22.217937316697114,0.17856862176641286,0.5455421775367602,0.5472988924513588,0.0017567149145986116
4,0.04,0.5,8,0.25,21.79658019852417,21.97224061659074,0.1756604180665704,0.5308433748115645,0.5192968237221234,-0.011546551089441137
4,0.04,0.35,8,0.25,21.79658019852417,21.972202643128668,0.1756224446044996,0.5308433748115645,0.526629196476006,-0.004214178335558483
4,0.06,0.5,10,1.0,22.0393686949307,22.214928199404046,0.17555950447334467,0.5455421775367602,0.5481143762766528,0.0025721987398926727
4,0.06,0.35,15,0.5,22.0393686949307,22.214487954892626,0.17511925996192446,0.5455421775367602,0.5465982589013424,0.0010560813645822398
4,0.06,0.5,25,0.25,22.0393686949307,22.21324108761457,0.17387239268386878,0.5455421775367602,0.5231700743237284,-0.022372103213031735
4,0.03,0.5,10,0.5,21.440070275894318,21.61393683355569,0.17386655766137338,0.519274867184226,0.5154928343340666,-0.0037820328501594336
4,0.06,0.5,12,0.5,22.0393686949307,22.21295929103453,0.17359059610382843,0.5455421775367602,0.5420499032569234,-0.0034922742798367823
4,0.06,0.5,10,0.75,22.0393686949307,22.212872666492917,0.17350397156221575,0.5455421775367602,0.5469477916414148,0.0014056141046546733
4,0.06,0.65,12,0.5,22.0393686949307,22.211926700338115,0.17255800540741362,0.5455421775367602,0.5328226618959451,-0.012719515640815082
4,0.03,0.65,15,0.5,21.440070275894318,21.612588006815212,0.1725177309208945,0.519274867184226,0.5108875119515992,-0.008387355232626792
4,0.03,0.65,12,0.5,21.440070275894318,21.611317297536377,0.17124702164205985,0.519274867184226,0.5113257713669934,-0.007949095817232577
4,0.04,0.65,8,0.25,21.79658019852417,21.96716052212419,0.17058032360002073,0.5308433748115645,0.5119790965006007,-0.018864278310963822
4,0.03,0.65,15,0.75,21.440070275894318,21.610569340349247,0.1704990644549298,0.519274867184226,0.5145791440885511,-0.004695723095674897
4,0.03,0.35,25,0.25,21.440070275894318,21.608795874886717,0.16872559899239903,0.519274867184226,0.5097263945547181,-0.009548472629507865
4,0.06,0.65,8,0.75,22.0393686949307,22.2078818258972,0.1685131309664989,0.5455421775367602,0.544170297960427,-0.0013718795763331126
4,0.03,0.35,5,0.75,21.440070275894318,21.60797487979479,0.16790460390047102,0.519274867184226,0.518140760613169,-0.0011341065710569476
4,0.06,0.35,20,0.25,22.0393686949307,22.206008793737524,0.1666400988068233,0.5455421775367602,0.535214322119034,-0.010327855417726184
4,0.03,0.65,10,0.5,21.440070275894318,21.606632843276916,0.16656256738259856,0.519274867184226,0.5117018986475995,-0.007572968536626479
4,0.03,0.35,8,0.5,21.440070275894318,21.606218044768323,0.16614776887400495,0.519274867184226,0.5177009052322084,-0.001573961952017644
4,0.03,0.35,20,0.25,21.440070275894318,21.604017040823457,0.16394676492913973,0.519274867184226,0.5101984258825383,-0.009076441301687721
4,0.06,0.5,20,0.25,22.0393686949307,22.203157153337074,0.16378845840637268,0.5455421775367602,0.5244454089040884,-0.021096768632671736
4,0.06,0.35,20,1.0,22.0393686949307,22.20062859193964,0.1612598970089394,0.5455421775367602,0.5459506961195849,0.0004085185828247573
4,0.03,0.5,8,0.5,21.440070275894318,21.600880108395156,0.16080983250083847,0.519274867184226,0.5153836261548828,-0.00389124102934324
4,0.03,0.5,5,0.75,21.440070275894318,21.600616100479385,0.16054582458506772,0.519274867184226,0.5175928619915504,-0.0016820051926755841
4,0.06,0.35,12,0.75,22.0393686949307,22.199800409942434,0.16043171501173248,0.5455421775367602,0.5474189988632128,0.0018768213264526157
4,0.06,0.35,25,1.0,22.0393686949307,22.199641858595513,0.1602731636648116,0.5455421775367602,0.5459760223481884,0.00043384481142827447
4,0.06,0.35,15,0.75,22.0393686949307,22.199389394613085,0.1600206996823843,0.5455421775367602,0.5475333177996744,0.0019911402629142483
4,0.03,0.65,5,0.75,21.440070275894318,21.598725689602766,0.15865541370844838,0.519274867184226,0.515690998310438,-0.003583868873788032
4,0.06,0.5,8,1.0,22.0393686949307,22.197694461844073,0.15832576691337152,0.5455421775367602,0.5473906020275123,0.0018484244907521763
4,0.06,0.5,10,0.5,22.0393686949307,22.196138667162945,0.15676997223224376,0.5455421775367602,0.5420313343575988,-0.0035108431791613937
4,0.06,0.35,15,1.0,22.0393686949307,22.196058500629423,0.15668980569872204,0.5455421775367602,0.545648083088808,0.0001059055520478136
4,0.03,0.65,8,0.5,21.440070275894318,21.596635081523658,0.1565648056293405,0.519274867184226,0.5120398941826909,-0.007234973001535083
4,0.06,0.35,12,0.5,22.0393686949307,22.19366123048146,0.15429253555075917,0.5455421775367602,0.5460324533778446,0.0004902758410844088
4,0.03,0.35,15,0.25,21.440070275894318,21.5934152411854,0.1533449652910832,0.519274867184226,0.5110802334659644,-0.008194633718261568
4,0.06,0.5,8,0.75,22.0393686949307,22.192037804852596,0.15266910992189509,0.5455421775367602,0.5463341121312268,0.0007919345944666922
4,0.06,0.65,25,0.25,22.0393686949307,22.189848450722405,0.1504797557917037,0.5455421775367602,0.5123190446672689,-0.0332231328694913
4,0.06,0.35,12,1.0,22.0393686949307,22.18741459739722,0.14804590246651728,0.5455421775367602,0.545225217311833,-0.00031696022492710973
4,0.06,0.5,15,0.25,22.0393686949307,22.187313493792757,0.14794479886205636,0.5455421775367602,0.5266840837887635,-0.01885809374799663
4,0.06,0.65,8,0.5,22.0393686949307,22.186596147000554,0.14722745206985266,0.5455421775367602,0.5377013383438394,-0.007840839192920779
4,0.06,0.65,20,0.25,22.0393686949307,22.185673843018048,0.14630514808734674,0.5455421775367602,0.5141598826627555,-0.03138229487400468
4,0.06,0.35,10,0.75,22.0393686949307,22.18466284384376,0.14529414891305947,0.5455421775367602,0.5468185443006057,0.0012763667638455711
4,0.03,0.35,10,0.75,21.440070275894318,21.585165225089668,0.14509494919535015,0.519274867184226,0.516875435437516,-0.002399431746709979
4,0.04,0.65,5,0.25,21.79658019852417,21.94121735206656,0.1446371535423907,0.5308433748115645,0.5183292281373516,-0.012514146674212911
4,0.03,0.5,20,0.25,21.440070275894318,21.584208319966006,0.1441380440716884,0.519274867184226,0.5012494694322955,-0.01802539775193046
4,0.04,0.5,5,0.25,21.79658019852417,21.940149411909694,0.14356921338552553,0.5308433748115645,0.5238250470743846,-0.007018327737179919
4,0.03,0.5,15,0.25,21.440070275894318,21.58228934486374,0.14221906896942116,0.519274867184226,0.5033329602880418,-0.015941906896184244
4,0.06,0.35,15,0.25,22.0393686949307,22.18123223284756,0.14186353791685846,0.5455421775367602,0.536316716289123,-0.009225461247637123
4,0.03,0.5,20,0.75,21.440070275894318,21.58150372573775,0.14143344984343287,0.519274867184226,0.5147572080949859,-0.004517659089240067
4,0.03,0.5,25,0.25,21.440070275894318,21.581298808731518,0.14122853283720005,0.519274867184226,0.4998718211940902,-0.019403045990135814
4,0.03,0.35,12,0.25,21.440070275894318,21.58079676935077,0.1407264934564516,0.519274867184226,0.5116964155381578,-0.007578451646068185
4,0.06,0.65,15,0.25,22.0393686949307,22.17847649314452,0.1391077982138178,0.5455421775367602,0.5172883215290028,-0.028253856007757316
4,0.06,0.35,10,1.0,22.0393686949307,22.17727259093881,0.13790389600810826,0.5455421775367602,0.5447882050783927,-0.0007539724583675023
4,0.04,0.35,5,0.25,21.79658019852417,21.93445379585294,0.13787359732877036,0.5308433748115645,0.5289657584869418,-0.0018776163246226885
4,0.03,0.65,20,0.5,21.440070275894318,21.577139659266575,0.13706938337225694,0.519274867184226,0.5066899418739692,-0.01258492531025679
4,0.03,0.5,12,0.25,21.440070275894318,21.576703239476537,0.136632963582219,0.519274867184226,0.5050488267717161,-0.014226040412509855
4,0.06,0.35,10,0.5,22.0393686949307,22.175060209554122,0.13569151462342077,0.5455421775367602,0.5456090608658842,6.68833291240789e-05
4,0.06,0.5,8,0.5,22.0393686949307,22.173482696770584,0.1341140018398832,0.5455421775367602,0.5421142270203858,-0.003427950516374345
4,0.06,0.65,5,1.0,22.0393686949307,22.172961558308046,0.13359286337734488,0.5455421775367602,0.5459565347688011,0.00041435723204097386
4,0.06,0.5,12,0.25,22.0393686949307,22.172044224873023,0.1326755299423219,0.5455421775367602,0.5287540314392909,-0.01678814609746926
4,0.06,0.65,12,0.25,22.0393686949307,22.17014959844375,0.13078090351304894,0.5455421775367602,0.5201402905633382,-0.02540188697342194
4,0.03,0.35,10,0.25,21.440070275894318,21.56837448763887,0.12830421174455253,0.519274867184226,0.5121707199435975,-0.007104147240628467
4,0.03,0.5,10,0.25,21.440070275894318,21.56831340069342,0.12824312479910205,0.519274867184226,0.5063136975367786,-0.012961169647447424
4,0.03,0.35,5,0.5,21.440070275894318,21.567545253219542,0.12747497732522461,0.519274867184226,0.517047399521047,-0.00222746766317905
4,0.03,0.65,12,0.25,21.440070275894318,21.56569534937889,0.12562507348457075,0.519274867184226,0.497929190885197,-0.021345676299029004
4,0.06,0.35,8,0.75,22.0393686949307,22.164304752047453,0.12493605711675215,0.5455421775367602,0.5460851457309761,0.0005429681942159537
4,0.03,0.65,15,0.25,21.440070275894318,21.564806570932085,0.12473629503776706,0.519274867184226,0.49539083721407645,-0.023884029970149545
4,0.03,0.65,5,0.5,21.440070275894318,21.564669672100795,0.12459939620647731,0.519274867184226,0.5127560894015537,-0.0065187777826722915
4,0.03,0.5,5,0.5,21.440070275894318,21.564279544461783,0.12420926856746561,0.519274867184226,0.5151382321604266,-0.004136635023799351
4,0.06,0.65,10,0.5,22.0393686949307,22.16307985578295,0.12371116085224898,0.5455421775367602,0.5301955880651944,-0.015346589471565752
4,0.06,0.35,8,1.0,22.0393686949307,22.162069307775706,0.122700612845005,0.5455421775367602,0.5442182619902356,-0.0013239155465245567
4,0.03,0.65,10,0.25,21.440070275894318,21.562659083825704,0.12258880793138616,0.519274867184226,0.4999524932675189,-0.019322373916707103
4,0.06,0.65,10,0.25,22.0393686949307,22.16112162282389,0.12175292789319059,0.5455421775367602,0.5226537952522536,-0.022888382284506514
4,0.06,0.65,5,0.75,22.0393686949307,22.159659283054815,0.12029058812411364,0.5455421775367602,0.5437196268125346,-0.0018225507242255468
4,0.06,0.35,12,0.25,22.0393686949307,22.15950966989113,0.12014097496042808,0.5455421775367602,0.5373486446407758,-0.008193532895984346
4,0.06,0.5,10,0.25,22.0393686949307,22.157387722172537,0.11801902724183577,0.5455421775367602,0.5305368044057591,-0.015005373131001032
4,0.03,0.65,20,0.25,21.440070275894318,21.557059265394365,0.11698898950004732,0.519274867184226,0.4921768364800676,-0.027098030704158393
4,0.03,0.5,8,0.25,21.440070275894318,21.555084067327478,0.11501379143316015,0.519274867184226,0.5077739571956966,-0.011500909988529373
4,0.03,0.65,8,0.25,21.440070275894318,21.55466896028073,0.11459868438641152,0.519274867184226,0.5023336657883342,-0.016941201395891836
4,0.06,0.5,5,1.0,22.0393686949307,22.15342100347369,0.11405230854298765,0.5455421775367602,0.5458173301471435,0.0002751526103833557
4,0.06,0.35,8,0.5,22.0393686949307,22.151548702687307,0.11218000775660641,0.5455421775367602,0.5451592775427062,-0.00038289999405394237
4,0.03,0.35,8,0.25,21.440070275894318,21.551641136776176,0.11157086088185864,0.519274867184226,0.5127130036263488,-0.0065618635578772455
4,0.03,0.65,25,0.25,21.440070275894318,21.548202267478167,0.1081319915838499,0.519274867184226,0.4900161150991942,-0.029258752085031814
4,0.06,0.65,8,0.25,22.0393686949307,22.146827350377485,0.10745865544678423,0.5455421775367602,0.5257894619330246,-0.019752715603735593
4,0.06,0.5,5,0.75,22.0393686949307,22.14274792519792,0.10337923026721896,0.5455421775367602,0.5451818506853988,-0.0003603268513613367
4,0.06,0.35,10,0.25,22.0393686949307,22.14082233235071,0.10145363742000768,0.5455421775367602,0.5382365729386035,-0.007305604598156656
4,0.06,0.65,5,0.5,22.0393686949307,22.138496989324693,0.09912829439399218,0.5455421775367602,0.5393608058118975,-0.006181371724862661
4,0.06,0.5,8,0.25,22.0393686949307,22.137189510249474,0.09782081531877296,0.5455421775367602,0.532721366509671,-0.012820811027089207
4,0.05,0.35,8,0.75,21.767708134163794,21.85759247150945,0.08988433734565504,0.5333141269441585,0.5318511071947983,-0.0014630197493601393
4,0.05,0.35,10,0.75,21.767708134163794,21.857192729369977,0.08948459520618357,0.5333141269441585,0.5320230702449635,-0.0012910566991949368
4,0.05,0.5,8,1.0,21.767708134163794,21.855723033783786,0.08801489961999209,0.5333141269441585,0.5321122611980101,-0.001201865746148334
4,0.05,0.5,5,1.0,21.767708134163794,21.855197376245904,0.08748924208211051,0.5333141269441585,0.531701003104179,-0.001613123839979469
4,0.06,0.35,5,1.0,22.0393686949307,22.126081923974784,0.08671322904408285,0.5455421775367602,0.54330153401245,-0.002240643524310193
4,0.05,0.35,8,1.0,21.767708134163794,21.853540800715884,0.08583266655208988,0.5333141269441585,0.5304594490083224,-0.0028546779358360475
4,0.05,0.65,5,1.0,21.767708134163794,21.85286956244674,0.08516142828294804,0.5333141269441585,0.5308733946199422,-0.002440732324216266
4,0.03,0.65,5,0.25,21.440070275894318,21.52517319503765,0.08510291914333123,0.519274867184226,0.5065290539449311,-0.012745813239294912
4,0.05,0.5,8,0.75,21.767708134163794,21.85197225639945,0.08426412223565549,0.5333141269441585,0.5307677164883261,-0.002546410455832371
4,0.06,0.5,5,0.5,22.0393686949307,22.122731963026773,0.08336326809607186,0.5455421775367602,0.5424886170126092,-0.0030535605241509556
4,0.06,0.35,5,0.75,22.0393686949307,22.121645331377312,0.0822766364466112,0.5455421775367602,0.544899563875354,-0.0006426136614061662
4,0.05,0.35,10,0.5,21.767708134163794,21.8496042009364,0.08189606677260741,0.5333141269441585,0.5304075835130538,-0.0029065434311046356
4,0.05,0.35,12,0.5,21.767708134163794,21.84959946392679,0.08189132976299618,0.5333141269441585,0.5303832577400592,-0.00293086920409924
4,0.05,0.35,5,1.0,21.767708134163794,21.848072690311497,0.08036455614770333,0.5333141269441585,0.5304551691266511,-0.002858957817507335
4,0.05,0.35,10,1.0,21.767708134163794,21.847201906998915,0.07949377283512149,0.5333141269441585,0.5305211322145054,-0.002792994729653109
4,0.03,0.5,5,0.25,21.440070275894318,21.519519661544745,0.07944938565042747,0.519274867184226,0.510228001886629,-0.009046865297597018
4,0.05,0.5,10,0.75,21.767708134163794,21.846660021836005,0.07895188767221129,0.5333141269441585,0.5308222344159554,-0.0024918925282030324
4,0.06,0.35,8,0.25,22.0393686949307,22.117992445678674,0.07862375074797257,0.5455421775367602,0.5393100547450997,-0.0062321227916604105
4,0.05,0.65,8,1.0,21.767708134163794,21.84554610517631,0.07783797101251722,0.5333141269441585,0.5310461384088313,-0.00226798853532717
4,0.05,0.35,8,0.5,21.767708134163794,21.845330482069983,0.07762234790618905,0.5333141269441585,0.5304941232237392,-0.0028200037204192396
4,0.05,0.5,5,0.75,21.767708134163794,21.844398207180433,0.0766900730166391,0.5333141269441585,0.5307484266920868,-0.002565700252071701
4,0.05,0.35,5,0.75,21.767708134163794,21.84425828888207,0.07655015471827653,0.5333141269441585,0.5316421321857558,-0.0016719947584026285
4,0.05,0.5,10,1.0,21.767708134163794,21.84415728978481,0.07644915562101673,0.5333141269441585,0.5322294039546513,-0.0010847229895071253
4,0.05,0.35,15,0.5,21.767708134163794,21.843700308313174,0.07599217414938053,0.5333141269441585,0.5303892897528646,-0.002924837191293883
4,0.03,0.35,5,0.25,21.440070275894318,21.51578320352524,0.07571292763092075,0.519274867184226,0.5137268317812206,-0.0055480354030054135
4,0.05,0.35,15,0.75,21.767708134163794,21.83967120542681,0.07196307126301704,0.5333141269441585,0.5320175738087985,-0.0012965531353599236
4,0.05,0.65,8,0.75,21.767708134163794,21.839388159377975,0.0716800252141816,0.5333141269441585,0.5279442866768564,-0.0053698402673020285
4,0.05,0.65,5,0.75,21.767708134163794,21.839386433122176,0.07167829895838196,0.5333141269441585,0.5284747406756596,-0.004839386268498891
4,0.05,0.5,12,0.75,21.767708134163794,21.836189565033976,0.06848143087018244,0.5333141269441585,0.5308448704863044,-0.0024692564578541187
4,0.05,0.35,12,0.75,21.767708134163794,21.836083905613712,0.06837577144991869,0.5333141269441585,0.5314650167494235,-0.001849110194734993
4,0.05,0.5,8,0.5,21.767708134163794,21.835406750850005,0.06769861668621147,0.5333141269441585,0.5265468921631321,-0.0067672347810263656
4,0.05,0.35,12,1.0,21.767708134163794,21.83539392426787,0.0676857901040755,0.5333141269441585,0.5305208059795775,-0.0027933209645809587
4,0.05,0.5,10,0.5,21.767708134163794,21.83509897357045,0.0673908394066558,0.5333141269441585,0.5260576536465412,-0.00725647329761725
4,0.06,0.65,5,0.25,22.0393686949307,22.106369237657674,0.06700054272697287,0.5455421775367602,0.5318790830083988,-0.013663094528361341
4,0.06,0.35,5,0.5,22.0393686949307,22.106038639026252,0.06666994409555116,0.5455421775367602,0.5445793864014592,-0.0009627911353009555
4,0.05,0.5,12,0.5,21.767708134163794,21.830714148483942,0.0630060143201483,0.5333141269441585,0.5257440807110662,-0.00757004623309232
4,0.05,0.65,10,0.75,21.767708134163794,21.82965721307349,0.06194907890969503,0.5333141269441585,0.5277976885382332,-0.005516438405925306
4,0.05,0.65,10,1.0,21.767708134163794,21.82928571360054,0.06157757943674724,0.5333141269441585,0.5310637458975,-0.002250381046658423
4,0.05,0.35,5,0.5,21.767708134163794,21.828256802372014,0.060548668208220136,0.5333141269441585,0.5309080679300752,-0.002406059014083306
4,0.05,0.5,12,1.0,21.767708134163794,21.826702440583205,0.05899430641941095,0.5333141269441585,0.5322233993690114,-0.0010907275751470547
4,0.05,0.5,5,0.5,21.767708134163794,21.82398230702948,0.05627417286568459,0.5333141269441585,0.527864420570518,-0.005449706373640506
4,0.05,0.35,20,0.5,21.767708134163794,21.823554165356253,0.05584603119245912,0.5333141269441585,0.5303611406489881,-0.002952986295170379
4,0.05,0.65,8,0.5,21.767708134163794,21.822742037412315,0.0550339032485212,0.5333141269441585,0.5218654393081514,-0.011448687636007038
4,0.06,0.5,5,0.25,22.0393686949307,22.091420344167624,0.052051649236922515,0.5455421775367602,0.536829579605365,-0.008712597931395116
4,0.03,0.5,25,0.5,21.440070275894318,21.491775572200275,0.05170529630595766,0.519274867184226,0.5073050504295821,-0.011969816754643925
4,0.05,0.35,15,0.25,21.767708134163794,21.819201420494846,0.05149328633105199,0.5333141269441585,0.5206621461350015,-0.01265198080915697
4,0.05,0.5,15,0.5,21.767708134163794,21.81912064188932,0.051412507725526524,0.5333141269441585,0.5254474595813124,-0.007866667362846025
4,0.05,0.35,12,0.25,21.767708134163794,21.8189216192204,0.051213485056607055,0.5333141269441585,0.521952652137514,-0.011361474806644511
4,0.05,0.65,10,0.5,21.767708134163794,21.818364364687067,0.05065623052327339,0.5333141269441585,0.5209795586953591,-0.012334568248799416
4,0.05,0.65,5,0.5,21.767708134163794,21.817766375946167,0.050058241782373614,0.5333141269441585,0.5241200077352856,-0.00919411920887292
4,0.05,0.35,10,0.25,21.767708134163794,21.816184965595596,0.04847683143180248,0.5333141269441585,0.5230810443319872,-0.010233082612171263
4,0.05,0.65,12,0.75,21.767708134163794,21.8157214621556,0.04801332799180713,0.5333141269441585,0.5276900906606651,-0.005624036283493394
4,0.05,0.5,15,0.75,21.767708134163794,21.81425879987593,0.04655066571213595,0.5333141269441585,0.530793734653582,-0.002520392290576434
4,0.05,0.35,20,0.25,21.767708134163794,21.81313302187168,0.045424887707884665,0.5333141269441585,0.5192578192827658,-0.014056307661392653
4,0.05,0.35,8,0.25,21.767708134163794,21.810645523374003,0.042937389210209176,0.5333141269441585,0.5244843917819291,-0.008829735162229402
4,0.05,0.35,15,1.0,21.767708134163794,21.810530841364496,0.04282270720070258,0.5333141269441585,0.5303973876983548,-0.0029167392458037122
4,0.05,0.65,12,1.0,21.767708134163794,21.80797132017629,0.040263186012495567,0.5333141269441585,0.5309948838947331,-0.0023192430494253236
4,0.05,0.35,20,0.75,21.767708134163794,21.807282341397958,0.03957420723416405,0.5333141269441585,0.5321207913727801,-0.0011933355713783511
4,0.06,0.35,5,0.25,22.0393686949307,22.0759284149287,0.03655971999799945,0.5455421775367602,0.5412856925457967,-0.004256484990963427
4,0.05,0.35,25,0.25,21.767708134163794,21.802283933994694,0.03457579983090042,0.5333141269441585,0.5184292982032308,-0.01488482874092767
4,0.05,0.5,10,0.25,21.767708134163794,21.80149615367665,0.03378801951285482,0.5333141269441585,0.5152882451424968,-0.018025881801661647
4,0.05,0.5,8,0.25,21.767708134163794,21.800524892362127,0.03281675819833296,0.5333141269441585,0.5175635511984564,-0.015750575745702045
4,0.05,0.5,12,0.25,21.767708134163794,21.799766025846196,0.032057891682402584,0.5333141269441585,0.5134892848687225,-0.019824842075436
4,0.05,0.35,5,0.25,21.767708134163794,21.79658083704276,0.02887270287896726,0.5333141269441585,0.5273170275847556,-0.0059970993594028466
4,0.05,0.35,25,0.5,21.767708134163794,21.795616906550745,0.027908772386950886,0.5333141269441585,0.5302289501529017,-0.0030851767912567496
4,0.05,0.5,15,0.25,21.767708134163794,21.79413647725398,0.026428343090184825,0.5333141269441585,0.5114457560607023,-0.021868370883456167
4,0.05,0.5,15,1.0,21.767708134163794,21.79353452335478,0.025826389190985566,0.5333141269441585,0.5320368946430811,-0.0012772323010773468
4,0.05,0.65,15,0.5,21.767708134163794,21.792912171407973,0.025204037244179744,0.5333141269441585,0.5169617348141866,-0.01635239212997186
4,0.05,0.5,20,0.5,21.767708134163794,21.791949834967127,0.024241700803333543,0.5333141269441585,0.5251355623927498,-0.00817856455140864
4,0.05,0.5,5,0.25,21.767708134163794,21.790628444334192,0.02292031017039875,0.5333141269441585,0.5221517025371673,-0.011162424406991223
4,0.05,0.65,15,0.75,21.767708134163794,21.78994539365435,0.022237259490555772,0.5333141269441585,0.5275158066534041,-0.005798320290754333
4,0.05,0.65,8,0.25,21.767708134163794,21.787802245604695,0.02009411144090123,0.5333141269441585,0.510806300043753,-0.022507826900405425
4,0.05,0.65,5,0.25,21.767708134163794,21.785199458343204,0.017491324179410128,0.5333141269441585,0.5169320114130993,-0.01638211553105917
4,0.05,0.65,10,0.25,21.767708134163794,21.783889987894796,0.016181853731001894,0.5333141269441585,0.5078294166571056,-0.025484710287052903
4,0.05,0.5,20,0.25,21.767708134163794,21.780154695599933,0.012446561436139092,0.5333141269441585,0.5091438480391312,-0.02417027890502732
4,0.05,0.65,12,0.25,21.767708134163794,21.777791189688813,0.010083055525019091,0.5333141269441585,0.505459338636073,-0.02785478830808552
4,0.05,0.5,20,0.75,21.767708134163794,21.772872677396325,0.005164543232531571,0.5333141269441585,0.5294264501143262,-0.003887676829832265
4,0.05,0.65,15,1.0,21.767708134163794,21.769934894777148,0.0022267606133539175,0.5333141269441585,0.5307336960224069,-0.002580430921751531
4,0.05,0.65,20,0.5,21.767708134163794,21.769128706923667,0.0014205727598728402,0.5333141269441585,0.5184071074915944,-0.014907019452564119
4,0.05,0.65,12,0.5,21.767708134163794,21.769089685063566,0.0013815508997723214,0.5333141269441585,0.5138786622223578,-0.019435464721800688
4,0.05,0.65,15,0.25,21.767708134163794,21.766790821244587,-0.0009173129192063811,0.5333141269441585,0.5027624890828993,-0.03055163786125914
4,0.05,0.5,25,0.25,21.767708134163794,21.76369154830264,-0.004016585861155164,0.5333141269441585,0.5077231125823938,-0.025591014361764697
4,0.05,0.35,25,0.75,21.767708134163794,21.760743248942585,-0.006964885221208306,0.5333141269441585,0.5317664782847701,-0.0015476486593883898
4,0.05,0.5,25,0.5,21.767708134163794,21.758693782588384,-0.009014351575409307,0.5333141269441585,0.5248204234127483,-0.008493703531410213
4,0.05,0.35,20,1.0,21.767708134163794,21.75644241486571,-0.011265719298084065,0.5333141269441585,0.5298882900183656,-0.0034258369257929022
4,0.05,0.65,20,0.25,21.767708134163794,21.7464246423348,-0.02128349182899214,0.5333141269441585,0.4997329753099886,-0.03358115163416986
4,0.05,0.65,20,0.75,21.767708134163794,21.738330761158466,-0.029377373005328167,0.5333141269441585,0.5270711177827496,-0.006243009161408852
4,0.05,0.65,25,0.5,21.767708134163794,21.73471076847499,-0.032997365688803626,0.5333141269441585,0.5185241371897902,-0.014789989754368293
4,0.05,0.5,20,1.0,21.767708134163794,21.726523506259344,-0.041184627904449655,0.5333141269441585,0.531388495893007,-0.0019256310511515107
4,0.05,0.65,25,0.25,21.767708134163794,21.725231043830064,-0.042477090333729706,0.5333141269441585,0.49780793282353364,-0.035506194120624834
4,0.05,0.5,25,0.75,21.767708134163794,21.70730813977904,-0.06039999438475263,0.5333141269441585,0.52678155638546,-0.006532570558698492
4,0.05,0.65,20,1.0,21.767708134163794,21.696849844892,-0.0708582892717935,0.5333141269441585,0.5299654162159844,-0.003348710728174109
4,0.05,0.35,25,1.0,21.767708134163794,21.693665283578692,-0.0740428505851014,0.5333141269441585,0.529186638199678,-0.004127488744480434
4,0.05,0.65,25,0.75,21.767708134163794,21.678174639357476,-0.089533494806318,0.5333141269441585,0.5232220416200732,-0.010092085324085232
4,0.05,0.5,25,1.0,21.767708134163794,21.650683950900117,-0.11702418326367692,0.5333141269441585,0.5304964586842555,-0.002817668259902928
4,0.03,0.65,15,1.0,21.440070275894318,21.306739343857362,-0.13333093203695512,0.519274867184226,0.5079652210548843,-0.01130964612934171
4,0.05,0.65,25,1.0,21.767708134163794,21.616242745482985,-0.1514653886808084,0.5333141269441585,0.5289509177018391,-0.004363209242319366
4,0.03,0.65,25,0.5,21.440070275894318,21.25395351594278,-0.1861167599515383,0.519274867184226,0.49402194711475084,-0.02525292006947516
4,0.03,0.65,20,0.75,21.440070275894318,20.85475555671032,-0.585314719183998,0.519274867184226,0.4970761213243063,-0.02219874585991971
4,0.03,0.5,25,0.75,21.440070275894318,20.59091493592016,-0.8491553399741569,0.519274867184226,0.49691170106393806,-0.022363166120287936
4,0.03,0.5,25,1.0,21.440070275894318,19.942022147361797,-1.4980481285325205,0.519274867184226,0.49227184873904295,-0.027003018445183047
4,0.03,0.65,25,0.75,21.440070275894318,18.247033211818955,-3.1930370640753623,0.519274867184226,0.4765209122319082,-0.04275395495231782
4,0.03,0.65,20,1.0,21.440070275894318,17.660537413886253,-3.7795328620080646,0.519274867184226,0.4726014393773073,-0.04667342780691869
4,0.03,0.65,25,1.0,21.440070275894318,14.618019420773178,-6.822050855121139,0.519274867184226,0.43990401888327585,-0.07937084830095015
